<?xml version="1.0"?>
<ruleset name="Custom ruleset"
    xmlns="http://pmd.sf.net/ruleset/1.0.0"
    xmlns:xsi="http://www.w3.org/2001/XMLSchema-instance"
    xsi:schemaLocation="http://pmd.sf.net/ruleset/1.0.0 http://pmd.sf.net/ruleset_xml_schema.xsd"
    xsi:noNamespaceSchemaLocation="http://pmd.sf.net/ruleset_xml_schema.xsd">
  <description>
  Exclude noisy rules.
  </description>

  <rule ref="rulesets/internal/all-java.xml">
    <exclude name="AddEmptyString"/>
    <exclude name="AppendCharacterWithChar"/>
    <exclude name="ArrayIsStoredDirectly"/>
    <exclude name="AssignmentInOperand"/>
    <exclude name="AtLeastOneConstructor"/>
    <exclude name="AvoidCatchingGenericException"/>
    <exclude name="AvoidDuplicateLiterals"/>
    <exclude name="AvoidFieldNameMatchingMethodName"/>
    <exclude name="AvoidFinalLocalVariable"/>
    <exclude name="AvoidInstantiatingObjectsInLoops"/>
    <exclude name="AvoidLiteralsInIfCondition"/>
    <exclude name="AvoidSynchronizedAtMethodLevel"/>
    <exclude name="AvoidThrowingNullPointerException"/>
    <exclude name="AvoidThrowingRawExceptionTypes"/>
    <exclude name="AvoidUsingShortType"/>
    <exclude name="BeanMembersShouldSerialize"/>
    <exclude name="CallSuperInConstructor"/>
    <exclude name="CommentRequired"/>
    <exclude name="CommentSize"/>
    <exclude name="CompareObjectsWithEquals"/>
    <exclude name="ConfusingTernary"/>
    <exclude name="CyclomaticComplexity"/>
    <exclude name="DataflowAnomalyAnalysis"/>
    <exclude name="DefaultPackage"/>
    <exclude name="DoNotUseThreads"/>
    <exclude name="DuplicateImports"/>
    <exclude name="EmptyMethodInAbstractClassShouldBeAbstract"/>
    <exclude name="ExcessiveImports"/>
    <exclude name="ExcessivePublicCount"/>
    <exclude name="FieldDeclarationsShouldBeAtStartOfClass"/>
    <exclude name="GodClass"/>
    <exclude name="GuardDebugLogging"/>
    <exclude name="GuardLogStatement"/>
    <exclude name="GuardLogStatementJavaUtil"/>
    <exclude name="ImmutableField"/>
    <exclude name="LawOfDemeter"/>
    <exclude name="LocalVariableCouldBeFinal"/>
    <exclude name="LoggerIsNotStaticFinal"/>
    <exclude name="LongVariable"/>
    <exclude name="LoosePackageCoupling"/>
    <exclude name="MethodArgumentCouldBeFinal"/>
    <exclude name="MethodReturnsInternalArray"/>
    <exclude name="NullAssignment"/>
    <exclude name="OneDeclarationPerLine"/>
    <exclude name="OnlyOneReturn"/>
    <exclude name="PositionLiteralsFirstInComparisons"/>
    <exclude name="PrematureDeclaration"/>
    <exclude name="PreserveStackTrace"/>
    <exclude name="RedundantFieldInitializer"/>
    <exclude name="SignatureDeclareThrowsException"/>
    <exclude name="SimpleDateFormatNeedsLocale"/>
    <exclude name="SimplifyConditional"/>
    <exclude name="ShortClassName"/>
    <exclude name="ShortMethodName"/>
    <exclude name="ShortMethodName"/>
    <exclude name="ShortVariable"/>
    <exclude name="TooManyFields"/>
    <exclude name="TooManyMethods"/>
    <exclude name="TooManyStaticImports"/>
    <exclude name="UncommentedEmptyConstructor"/>
    <exclude name="UncommentedEmptyMethodBody"/>
    <exclude name="UnusedPrivateMethod"/>
    <exclude name="UnnecessaryConstructor"/>
    <exclude name="UnnecessaryLocalBeforeReturn"/>
    <exclude name="UnnecessaryParentheses"/>
    <exclude name="UseConcurrentHashMap"/>
    <exclude name="UseCorrectExceptionLogging"/>
    <exclude name="UseIndexOfChar"/>
    <exclude name="UselessParentheses"/>
    <exclude name="UseObjectForClearerAPI"/>
    <exclude name="UseStringBufferForStringAppends"/>
    <exclude name="UseUtilityClass"/>
    <exclude name="UseVarargs"/>

  </rule>
  <rule ref="rulesets/java/empty.xml/EmptyCatchBlock">
    <properties>
        <property name="allowCommentedBlocks" value="true"/>
    </properties>
  </rule>
</ruleset>
