<?xml version="1.0"?>
<!--
     Licensed to the Apache Software Foundation (ASF) under one or more
     contributor license agreements.  See the NOTICE file distributed with
     this work for additional information regarding copyright ownership.
     The ASF licenses this file to You under the Apache License, Version 2.0
     (the "License"); you may not use this file except in compliance with
     the License.  You may obtain a copy of the License at
          http://www.apache.org/licenses/LICENSE-2.0
     Unless required by applicable law or agreed to in writing, software
     distributed under the License is distributed on an "AS IS" BASIS,
     WITHOUT WARRANTIES OR CONDITIONS OF ANY KIND, either express or implied.
     See the License for the specific language governing permissions and
     limitations under the License.
  -->

<!--
This file is also used by the maven-changes-plugin to generate the release notes.
Useful ways of finding items to add to this file are:
1.  Add items when you fix a bug or add a feature (this makes the
release process easy :-).
2.  Do a JIRA search for tickets closed since the previous release.
3.  Use the report generated by the maven-changelog-plugin to see all
git commits. TBA how to use this with git.
To generate the release notes from this file:
mvn changes:announcement-generate -Prelease-notes [-Dchanges.version=nnn]
then tweak the formatting if necessary
and commit
The <action> type attribute can be add,update,fix,remove.
-->


<document>
    <properties>
        <title>Hygieia Api Changes</title>
    </properties>
    <body>

        <release version="3.1.0" date="YYYY-MM-DD" description="----">
            <action issue="62" type="add" dev="chtompki">Add maven site.</action>
            <action issue="63" type="add" dev="chtompki">Add maven-changes-plugin</action>
        </release>

    </body>
</document>